{
  "version": 1,
  "author": "Anonymous maker",
  "editor": "wokwi",
  "parts": [
    { "type": "wokwi-arduino-uno", "id": "uno", "top": 67.8, "left": -10.2, "attrs": {} },
    {
      "type": "wokwi-led",
      "id": "led2",
      "top": -118.8,
      "left": 80.6,
      "attrs": { "color": "cyan" }
    },
    {
      "type": "wokwi-photoresistor-sensor",
      "id": "ldr1",
      "top": -102.4,
      "left": 192.8,
      "attrs": {}
    }
  ],
  "connections": [
    [ "uno:A0", "ldr1:AO", "green", [ "v28.7", "h234.2", "v-345.6" ] ],
    [ "uno:GND.2", "ldr1:GND", "black", [ "v86.3", "h311.1", "v-9.6" ] ],
    [ "uno:5V", "ldr1:VCC", "red", [ "v134.3", "h368.6", "v-9.6" ] ],
    [ "led2:C", "uno:GND.1", "green", [ "v0" ] ],
    [ "led2:A", "uno:13", "green", [ "v28.8", "h19.2" ] ]
  ],
  "dependencies": {}
}