{
  "version": 1,
  "author": "Anonymous maker",
  "editor": "wokwi",
  "parts": [
    { "type": "wokwi-arduino-uno", "id": "uno", "top": -105, "left": 66.6, "attrs": {} },
    {
      "type": "wokwi-led",
      "id": "led3",
      "top": -186,
      "left": -53.8,
      "attrs": { "color": "cyan" }
    },
    { "type": "wokwi-led", "id": "led4", "top": -234, "left": 3.8, "attrs": { "color": "green" } },
    {
      "type": "wokwi-led",
      "id": "led5",
      "top": -224.4,
      "left": 215,
      "attrs": { "color": "yellow" }
    },
    {
      "type": "wokwi-led",
      "id": "led6",
      "top": -224.4,
      "left": 109.4,
      "attrs": { "color": "blue" }
    },
    { "type": "wokwi-led", "id": "led1", "top": -234, "left": 320.6, "attrs": { "color": "red" } },
    {
      "type": "wokwi-led",
      "id": "led2",
      "top": -176.4,
      "left": 387.8,
      "attrs": { "color": "red" }
    },
    {
      "type": "wokwi-pushbutton",
      "id": "btn1",
      "top": -22.6,
      "left": 460.8,
      "attrs": { "color": "green" }
    }
  ],
  "connections": [
    [ "led3:C", "uno:GND.1", "black", [ "v19.2", "h221.2" ] ],
    [ "led4:C", "uno:GND.1", "black", [ "v67.2", "h10", "v0", "h28.8", "v0", "h0" ] ],
    [ "led6:C", "uno:GND.1", "black", [ "v57.6", "h0.4" ] ],
    [ "led5:C", "uno:GND.1", "black", [ "v57.6", "h-47.6", "v28.8" ] ],
    [ "led1:C", "uno:GND.1", "black", [ "v67.2", "h0.4" ] ],
    [ "led2:C", "uno:GND.1", "black", [ "v9.6", "h-76.4", "v0", "h-144" ] ],
    [ "led3:A", "uno:13", "green", [ "v28.8", "h220.8" ] ],
    [ "led4:A", "uno:12", "green", [ "v76.8", "h172.8" ] ],
    [ "led6:A", "uno:11", "green", [ "v67.2", "h76.8" ] ],
    [ "led5:A", "uno:10", "green", [ "v67.2", "h-19.2" ] ],
    [ "led1:A", "uno:9", "green", [ "v76.8", "h-115.2" ] ],
    [ "led2:A", "uno:8", "green", [ "v19.2", "h-172.8" ] ],
    [ "btn1:1.l", "uno:7", "green", [ "h-48", "v-86.4" ] ],
    [ "btn1:2.l", "uno:GND.3", "green", [ "h-38.4", "v105.8", "h-172.8" ] ]
  ],
  "dependencies": {}
}